<?xml version="1.0" encoding="ISO-8859-1"?>
<!DOCTYPE metadata SYSTEM "http://www.fgdc.gov/metadata/fgdc-std-001-1998.dtd">
<metadata>
	<idinfo>
		<citation>
			<citeinfo>
				<origin>UNEP-WCMC</origin>
				<pubdate>20/12/2007</pubdate>
				<title>NATpol_IUCN.shp - National sites with IUCN Categories I-VI represented by spatial boundaries (polygons).</title>
				<geoform Sync="TRUE">vector digital data</geoform>
				<serinfo>
					<sername>World Database on Protected Areas GIS</sername>
					<issue>WDPA Consortium 2007 web-download</issue>
				</serinfo>
				<pubinfo>
					<pubplace>UNEP-WCMC</pubplace>
					<publish>UNEP-WCMC</publish>
				</pubinfo>
				<lworkcit>
					<citeinfo>
						<geoform>vector digital data</geoform>
						<serinfo>
						</serinfo>
						<pubinfo>
						</pubinfo>
					</citeinfo>
				</lworkcit>
				<ftname Sync="TRUE">CNP_45_UTM</ftname><onlink Sync="TRUE">\\CARTERN7PC\E\nepal_GIS\Western_Chitwan\Neil_chitwan_GIS\shapes\WGS_final\created_data\neighborhoods\CNP_45_UTM.shp</onlink></citeinfo>
		</citation>
		<descript>
			<abstract>The World Database on Protected Areas (WDPA) provides the most comprehensive dataset on protected areas worldwide. The WDPA contains over 120,000 sites and has two main components: an aspatial (attribute) database and an expanding spatial (GIS) dataset containing protected area boundary information.
This feature dataset contains nationally designated protected areas with IUCN Categories I-VI with known boundaries (polygons). This dataset should therefore be displayed together with the associated national points dataset (NATpnt_IUCN).

Note: This dataset contains designated protected areas only and therefore excludes sites with status Degazetted, Proposed, Recommended, Unset and Voluntary - unrecognised.</abstract>
			<purpose>The aim of this unique resource is to manage and link information relevant to establishing and maintaining an effective global system of protected areas. This dataset displays nationally designated protected areas in the world for which polygon information is available.</purpose>
			<langdata Sync="TRUE">en</langdata></descript>
		<timeperd>
			<timeinfo>
				<sngdate>
					<caldate>20/12/2007</caldate>
					<time>unknown</time>
				</sngdate>
			</timeinfo>
			<current>publication date</current>
		</timeperd>
		<status>
			<progress>On-going</progress>
			<update>Continually</update>
		</status>
		<spdom>
			<bounding>
				<westbc Sync="TRUE">83.871104</westbc>
				<eastbc Sync="TRUE">84.751399</eastbc>
				<northbc Sync="TRUE">27.697611</northbc>
				<southbc Sync="TRUE">27.326618</southbc>
			</bounding>
			<lboundng><leftbc Sync="TRUE">191368.993301</leftbc><rightbc Sync="TRUE">277552.918043</rightbc><bottombc Sync="TRUE">3026470.749126</bottombc><topbc Sync="TRUE">3065742.034833</topbc></lboundng></spdom>
		<keywords>
			<theme>
				<themekt>None</themekt>
				<themekey>Protected Areas</themekey>
				<themekey>National</themekey>
				<themekey>WDPA</themekey>
				<themekey>Polygon</themekey>
			</theme>
			<place>
				<placekey>Global</placekey>
				<placekey>World</placekey>
			</place>
		</keywords>
		<accconst>WDPA Consortium 2007 web-download is available for research, educational purposes and specifically for non-commercial use only. Any use of WDPA materials by an individual or entity operating within or on behalf of any organisation other than a not-for-profit organisation will be deemed to be for a commercial purpose and therefore prohibited. The contents of the WDPA web-download may not be copied, reproduced, republished, uploaded, posted, transmitted, or distributed, in whole or in part, for any commercial purpose without prior permission.</accconst>
		<useconst>1) Adhere to terms and conditions of access, 2) acknowledge the source appropriately, 3) do not re-distribute part or all of data without contacting UNEP-WCMC.</useconst>
		<ptcontac>
			<cntinfo>
				<cntperp>
				</cntperp>
				<cntaddr>
					<addrtype>mailing and physical address</addrtype>
				</cntaddr>
			</cntinfo>
		</ptcontac>
		<native Sync="TRUE">Microsoft Windows XP Version 5.1 (Build 2600) Service Pack 3; ESRI ArcCatalog 9.3.0.1770</native>
		<natvform Sync="TRUE">Shapefile</natvform></idinfo>
	<dataqual>
		<attracc>
			<attraccr>Although every effort has be made to ensure the data contained within the WDPA and this dataset is current there is always the possibility of inconsistencies. Any suggestions or corrections to the dataset should be directed to wdpa_questions@unep-wcmc.org</attraccr>
		</attracc>
		<logic>Data arrives from a number of different sources including country agencies responsible for managing protected areas, Non-Governmental Organisations (NGO's), Inter-Governmental Organisations (IGO's) and the WDPA Consortium.The WDPA Consortium was established in 2002 to expand participation and leadership on the development of the World Database of Protected Areas. The Consortium brings together a growing number of international conservation organizations that have agreed to ensure that information on protected areas is maintained on a cooperative basis and used to monitor the effectiveness of global conservation agendas. UNEP-WCMC is also working with a number of other partners, many of whom work with government agencies at the national level. Any inconsistencies are resolved by UNEP-WCMC following verification from official sources.
There may be overlaps between individual polygon boundaries and country boundaries but these cannot be resolved by UNEP-WCMC as the datasets provided by official sources must be taken as true and accurate.</logic>
		<complete>The completeness of each country's protected areas will vary depending on the quality/presence of information provided by country agencies, NGO's, IGO's, and the WDPA Consortium.</complete>
		<lineage>
			<procstep>
				<procdesc>Metadata imported.</procdesc>
			</procstep>
			<procstep><procdesc Sync="TRUE">Metadata imported.</procdesc><srcused Sync="TRUE">E:\WDPA\monday\NATpol_011105.shp.xml</srcused><date Sync="TRUE">20060509</date><time Sync="TRUE">10003900</time></procstep><procstep><procdesc Sync="TRUE">Metadata imported.</procdesc><srcused Sync="TRUE">C:\WDPA2007WebDownload\2006\NATpol_I-VI.shp.xml</srcused><date Sync="TRUE">20071218</date><time Sync="TRUE">16224600</time></procstep><procstep><procdesc Sync="TRUE">Dataset copied.</procdesc><srcused Sync="TRUE"></srcused><date Sync="TRUE">20090213</date><time Sync="TRUE">12362300</time></procstep><procstep><procdesc Sync="TRUE">Dataset copied.</procdesc><srcused Sync="TRUE">G:\nepal_GIS\Western_Chitwan\Neil_chitwan_GIS\shapes\CNP_BUFFER</srcused><procdate Sync="TRUE">20100319</procdate><proctime Sync="TRUE">11440700</proctime></procstep><procstep><procdesc Sync="TRUE">Dataset copied.</procdesc><srcused Sync="TRUE"></srcused><procdate Sync="TRUE">20100319</procdate><proctime Sync="TRUE">11521900</proctime></procstep><procstep><procdesc Sync="TRUE">Dataset copied.</procdesc><srcused Sync="TRUE"></srcused><procdate Sync="TRUE">20100319</procdate><proctime Sync="TRUE">12044400</proctime></procstep><procstep><procdesc Sync="TRUE">Dataset copied.</procdesc><srcused Sync="TRUE"></srcused><procdate Sync="TRUE">20100319</procdate><proctime Sync="TRUE">12110000</proctime></procstep><procstep><procdesc Sync="TRUE">Dataset copied.</procdesc><srcused Sync="TRUE"></srcused><procdate Sync="TRUE">20100412</procdate><proctime Sync="TRUE">14550000</proctime></procstep></lineage>
	</dataqual>
	<spdoinfo>
		<direct Sync="TRUE">Vector</direct>
		<ptvctinf>
			<sdtsterm Name="CNP_45_UTM">
				<sdtstype Sync="TRUE">G-polygon</sdtstype>
				<ptvctcnt Sync="TRUE">1</ptvctcnt>
			</sdtsterm>
			<esriterm Name="CNP_45_UTM"><efeatyp Sync="TRUE">Simple</efeatyp><efeageom Sync="TRUE">Polygon</efeageom><esritopo Sync="TRUE">FALSE</esritopo><efeacnt Sync="TRUE">1</efeacnt><spindex Sync="TRUE">TRUE</spindex><linrefer Sync="TRUE">FALSE</linrefer></esriterm></ptvctinf>
	</spdoinfo>
	<spref>
		<horizsys>
			<geodetic>
				<horizdn Sync="TRUE">D_WGS_1984</horizdn>
				<ellips Sync="TRUE">WGS_1984</ellips>
				<semiaxis Sync="TRUE">6378137.000000</semiaxis>
				<denflat Sync="TRUE">298.257224</denflat>
			</geodetic>
			<cordsysn><geogcsn Sync="TRUE">GCS_WGS_1984</geogcsn><projcsn Sync="TRUE">WGS_1984_UTM_Zone_45N</projcsn></cordsysn><planar><gridsys><gridsysn Sync="TRUE">Universal Transverse Mercator</gridsysn><utm><utmzone Sync="TRUE">45</utmzone><transmer><sfctrmer Sync="TRUE">0.999600</sfctrmer><longcm Sync="TRUE">87.000000</longcm><latprjo Sync="TRUE">0.000000</latprjo><feast Sync="TRUE">500000.000000</feast><fnorth Sync="TRUE">0.000000</fnorth></transmer></utm></gridsys><planci><plance Sync="TRUE">coordinate pair</plance><plandu Sync="TRUE">meters</plandu><coordrep><absres Sync="TRUE">0.000000</absres><ordres Sync="TRUE">0.000000</ordres></coordrep></planci></planar></horizsys>
		<vertdef>
			<altsys>
				<altres>1.000000</altres>
				<altenc>Explicit elevation coordinate included with horizontal coordinates</altenc>
			</altsys>
		</vertdef>
	</spref>
	<eainfo>
		<detailed Name="CNP_45_UTM">
			<enttyp>
				<enttypl Sync="TRUE">CNP_45_UTM</enttypl>
				<enttypd>National Protected Areas Polygons</enttypd>
				<enttypt Sync="TRUE">Feature Class</enttypt><enttypc Sync="TRUE">1</enttypc></enttyp>
			<attr>
				<attrlabl>Shape</attrlabl>
				<attrdef>Feature geometry.</attrdef>
				<attrdefs>ESRI</attrdefs>
				<attrdomv>
					<udom>Coordinates defining the features.</udom>
				</attrdomv>
				<attalias Sync="TRUE">Shape</attalias><attrtype Sync="TRUE">Geometry</attrtype><attwidth Sync="TRUE">0</attwidth><atprecis Sync="TRUE">0</atprecis><attscale Sync="TRUE">0</attscale></attr>
			<attr>
				<attrlabl>AREANAME</attrlabl>
				<attrdef>Site Name</attrdef>
				<attrdefs>Official Site Name as in WDPA</attrdefs>
				<attrtype Sync="TRUE">String</attrtype><attwidth Sync="TRUE">120</attwidth><attalias Sync="TRUE">AREANAME</attalias></attr>
			<attr>
				<attrlabl>DESIGNATE</attrlabl>
				<attrdef>Designation of Site</attrdef>
				<attrdefs>Current Designation as in WDPA</attrdefs>
				<attrtype Sync="TRUE">String</attrtype><attwidth Sync="TRUE">100</attwidth><attalias Sync="TRUE">DESIGNATE</attalias></attr>
			<attr>
				<attrlabl>ISO3</attrlabl>
				<attrdef>Short Country (ISO) Standard Code</attrdef>
				<attrdefs>ISO Standard</attrdefs>
				<attrtype Sync="TRUE">String</attrtype><attwidth Sync="TRUE">3</attwidth><attalias Sync="TRUE">ISO3</attalias></attr>
			<attr>
				<attrlabl>COUNTRY</attrlabl>
				<attrdef>Country in which site occurs</attrdef>
				<attrdefs>Country as in WDPA</attrdefs>
				<attrtype Sync="TRUE">String</attrtype><attwidth Sync="TRUE">50</attwidth><attalias Sync="TRUE">COUNTRY</attalias></attr>
			<attr>
				<attrlabl>IUCNCAT</attrlabl>
				<attrdef>IUCN Protected Area Management Category</attrdef>
				<attrdefs>Current IUCN Category as taken in WDPA</attrdefs>
				<attrtype Sync="TRUE">String</attrtype><attwidth Sync="TRUE">8</attwidth><attalias Sync="TRUE">IUCNCAT</attalias></attr>
			<attr>
				<attrlabl>STATUS</attrlabl>
				<attrdef>Status of Site</attrdef>
				<attrdefs>Current Status of Site as in WDPA</attrdefs>
				<attrtype Sync="TRUE">String</attrtype><attwidth Sync="TRUE">50</attwidth><attalias Sync="TRUE">STATUS</attalias></attr>
			<attr>
				<attrlabl>LON</attrlabl>
				<attrdef>Longitude</attrdef>
				<attrdefs>Longitude (Decimal Degrees)</attrdefs>
				<attrtype Sync="TRUE">Float</attrtype><attwidth Sync="TRUE">19</attwidth><attalias Sync="TRUE">LON</attalias><atnumdec Sync="TRUE">11</atnumdec></attr>
			<attr>
				<attrlabl>LAT</attrlabl>
				<attrdef>Latitude</attrdef>
				<attrdefs>Latitude (Decimal Degrees)</attrdefs>
				<attrtype Sync="TRUE">Float</attrtype><attwidth Sync="TRUE">19</attwidth><attalias Sync="TRUE">LAT</attalias><atnumdec Sync="TRUE">11</atnumdec></attr>
			<attr>
				<attrlabl>SOURCE_ID</attrlabl>
				<attrdef>ID Code for polygon source table</attrdef>
				<attrdefs>ID code taken from PA Source table</attrdefs>
				<attrtype Sync="TRUE">String</attrtype><attwidth Sync="TRUE">6</attwidth><attalias Sync="TRUE">SOURCE_ID</attalias></attr>
			<attr>
				<attrlabl>GISNAME</attrlabl>
				<attrdef>Additional, Zone or Previous/Alternative Name</attrdef>
				<attrdefs>As in source GIS and WDPA</attrdefs>
				<attrtype Sync="TRUE">String</attrtype><attwidth Sync="TRUE">120</attwidth><attalias Sync="TRUE">GISNAME</attalias></attr>
			<attr>
				<attrlabl>EST_DATE</attrlabl>
				<attrdef>Establishment date of current status</attrdef>
				<attrdefs>Current Establishment date as in WDPA</attrdefs>
				<attrtype Sync="TRUE">Date</attrtype><attwidth Sync="TRUE">8</attwidth><attalias Sync="TRUE">EST_DATE</attalias></attr>
			<attr>
				<attrlabl>AREA_HA</attrlabl>
				<attrdef>Official Area (unless stated) in Hectares</attrdef>
				<attrdefs>Current Area in hectares as in WDPA</attrdefs>
				<attrtype Sync="TRUE">Float</attrtype><attwidth Sync="TRUE">19</attwidth><attalias Sync="TRUE">AREA_HA</attalias><atnumdec Sync="TRUE">11</atnumdec></attr>
			<attr>
				<attrlabl>NOTES</attrlabl>
				<attrdef>Additional Info</attrdef>
				<attrdefs>Additional Info from Status Sheet in WDPA</attrdefs>
				<attrtype Sync="TRUE">String</attrtype><attwidth Sync="TRUE">254</attwidth><attalias Sync="TRUE">NOTES</attalias></attr>
			<attr>
				<attrlabl>SOURCE</attrlabl>
				<attrdef>Aspatial Source</attrdef>
				<attrdefs>Aspatial source of current status record as in WDPA</attrdefs>
				<attrtype Sync="TRUE">String</attrtype><attwidth Sync="TRUE">254</attwidth><attalias Sync="TRUE">SOURCE</attalias></attr>
			<attr>
				<attrlabl>ADMIN</attrlabl>
				<attrdef>Adminstrator</attrdef>
				<attrdefs>Current Administration Level as in WDPA</attrdefs>
				<attrtype Sync="TRUE">String</attrtype><attwidth Sync="TRUE">50</attwidth><attalias Sync="TRUE">ADMIN</attalias></attr>
			<attr>
				<attrlabl>MANAGEMENT</attrlabl>
				<attrdef>Management</attrdef>
				<attrdefs>Current Management Level as in WDPA</attrdefs>
				<attrtype Sync="TRUE">String</attrtype><attwidth Sync="TRUE">50</attwidth><attalias Sync="TRUE">MANAGEMENT</attalias></attr>
			<attr>
				<attrlabl>MARINE</attrlabl>
				<attrdef>Y - Site has marine element, N - Site does not have marine element</attrdef>
				<attrdomv>
				</attrdomv>
				<attrtype Sync="TRUE">String</attrtype><attwidth Sync="TRUE">1</attwidth><attalias Sync="TRUE">MARINE</attalias></attr>
			<attr><attrlabl Sync="TRUE">AUDIT</attrlabl><attalias Sync="TRUE">AUDIT</attalias><attrtype Sync="TRUE">String</attrtype><attwidth Sync="TRUE">254</attwidth><attrdef>Extra info. about source</attrdef></attr><attr><attrlabl Sync="TRUE">COMMENT</attrlabl><attalias Sync="TRUE">COMMENT</attalias><attrtype Sync="TRUE">String</attrtype><attwidth Sync="TRUE">254</attwidth><attrdef>Any conclusions on the data quality, data origins or current state of these data</attrdef></attr><attr><attrlabl Sync="TRUE">MARINE_CLA</attrlabl><attalias Sync="TRUE">MARINE_CLA</attalias><attrtype Sync="TRUE">String</attrtype><attwidth Sync="TRUE">80</attwidth><attrdef>MPA definition</attrdef><attrdefs>MPA Global / WDPA</attrdefs></attr><attr>
				<attrlabl>SITE_CODE</attrlabl>
				<attrdef>Site Unique ID</attrdef>
				<attrdefs>Unique ID as used in WDPA</attrdefs>
				<attrtype Sync="TRUE">Number</attrtype><attwidth Sync="TRUE">9</attwidth><attalias Sync="TRUE">SITE_CODE</attalias></attr>
			<attr><attrlabl Sync="TRUE">TITLE</attrlabl><attalias Sync="TRUE">TITLE</attalias><attrtype Sync="TRUE">String</attrtype><attwidth Sync="TRUE">160</attwidth><attrdef>Brief description or name of dataset or source</attrdef></attr><attr><attrlabl Sync="TRUE">ORIGIN_ID</attrlabl><attalias Sync="TRUE">ORIGIN_ID</attalias><attrtype Sync="TRUE">String</attrtype><attwidth Sync="TRUE">2</attwidth><attrdef>What form the data was in</attrdef><attrdefs>DD - Digital data, PM - Paper map (non tourist), AT - Atlas, TM - Tourist map, UD - Partial update to previous source, UP - Unpublished Map/report, YM - Dyeline map, WS - Map found on website </attrdefs></attr><attr><attrlabl Sync="TRUE">SOURCE_1</attrlabl><attalias Sync="TRUE">SOURCE_1</attalias><attrtype Sync="TRUE">String</attrtype><attwidth Sync="TRUE">254</attwidth><attrdef>Full description of source (if known) including the creator or creating organisation of the dataset</attrdef></attr><attr><attrlabl Sync="TRUE">CONDITIONS</attrlabl><attalias Sync="TRUE">CONDITIONS</attalias><attrtype Sync="TRUE">String</attrtype><attwidth Sync="TRUE">70</attwidth><attrdef>Any conditions for use of the dataset by the source</attrdef></attr><attr><attrlabl Sync="TRUE">PUBLISHER</attrlabl><attalias Sync="TRUE">PUBLISHER</attalias><attrtype Sync="TRUE">String</attrtype><attwidth Sync="TRUE">254</attwidth><attrdef>Publisher or main source of the data</attrdef></attr><attr><attrlabl Sync="TRUE">ALT_MAX</attrlabl><attalias Sync="TRUE">ALT_MAX</attalias><attrtype Sync="TRUE">Float</attrtype><attwidth Sync="TRUE">19</attwidth><attrdef>Maximum altitude at site in meters</attrdef><attrdefs>WDPA</attrdefs><atnumdec Sync="TRUE">11</atnumdec></attr><attr><attrlabl Sync="TRUE">APPROX_YR</attrlabl><attalias Sync="TRUE">APPROX_YR</attalias><attrtype Sync="TRUE">Number</attrtype><attwidth Sync="TRUE">9</attwidth><attrdef>Assumed date of data creation</attrdef></attr><attr><attrlabl Sync="TRUE">SCALE</attrlabl><attalias Sync="TRUE">SCALE</attalias><attrtype Sync="TRUE">Float</attrtype><attwidth Sync="TRUE">19</attwidth><attrdef>Scale in the form of 1: the value of the record</attrdef><atnumdec Sync="TRUE">11</atnumdec></attr><attr><attrlabl Sync="TRUE">OPROJECT</attrlabl><attalias Sync="TRUE">OPROJECT</attalias><attrtype Sync="TRUE">String</attrtype><attwidth Sync="TRUE">20</attwidth><attrdef>Original projection of the source</attrdef></attr><attr>
				<attrlabl>OWNER</attrlabl>
				<attrdef>Ownership</attrdef>
				<attrdefs>Current Ownership Level as in WDPA</attrdefs>
				<attrtype Sync="TRUE">String</attrtype><attwidth Sync="TRUE">50</attwidth><attalias Sync="TRUE">OWNER</attalias></attr>
			<attr><attrlabl Sync="TRUE">ODATUM</attrlabl><attalias Sync="TRUE">ODATUM</attalias><attrtype Sync="TRUE">String</attrtype><attwidth Sync="TRUE">10</attwidth><attrdef>Original datum of the source</attrdef></attr><attr><attrlabl Sync="TRUE">ALT_MIN</attrlabl><attalias Sync="TRUE">ALT_MIN</attalias><attrtype Sync="TRUE">Float</attrtype><attwidth Sync="TRUE">19</attwidth><attrdef>Minimum altitude at site in meters</attrdef><attrdefs>WDPA</attrdefs><atnumdec Sync="TRUE">11</atnumdec></attr><attr><attrlabl Sync="TRUE">Shape_Area</attrlabl><attalias Sync="TRUE">Shape_Area</attalias><attrtype Sync="TRUE">Float</attrtype><attwidth Sync="TRUE">19</attwidth><attrdef Sync="TRUE">Area of feature in internal units squared.</attrdef><attrdefs Sync="TRUE">ESRI</attrdefs><attrdomv><udom Sync="TRUE">Positive real numbers that are automatically generated.</udom></attrdomv><atnumdec Sync="TRUE">11</atnumdec></attr><attr><attrlabl Sync="TRUE">YEAR_</attrlabl><attalias Sync="TRUE">YEAR_</attalias><attrtype Sync="TRUE">Float</attrtype><attwidth Sync="TRUE">19</attwidth><atnumdec Sync="TRUE">11</atnumdec></attr><attr><attrlabl Sync="TRUE">FID</attrlabl><attalias Sync="TRUE">FID</attalias><attrtype Sync="TRUE">OID</attrtype><attwidth Sync="TRUE">4</attwidth><attrdef Sync="TRUE">Internal feature number.</attrdef><attrdefs Sync="TRUE">ESRI</attrdefs><attrdomv><udom Sync="TRUE">Sequential unique whole numbers that are automatically generated.</udom></attrdomv><atprecis Sync="TRUE">0</atprecis><attscale Sync="TRUE">0</attscale></attr><attr><attrlabl Sync="TRUE">Shape_Leng</attrlabl><attalias Sync="TRUE">Shape_Leng</attalias><attrtype Sync="TRUE">Float</attrtype><attwidth Sync="TRUE">19</attwidth><atnumdec Sync="TRUE">11</atnumdec></attr></detailed>
	</eainfo>
	<distinfo>
		<distrib>
			<cntinfo>
				<cntperp>
					<cntorg>UNEP-WCMC</cntorg>
				</cntperp>
				<cntpos>Protected Areas</cntpos>
				<cntaddr>
					<addrtype>mailing and physical address</addrtype>
					<address>219 Huntingdon Road</address>
					<city>Cambridge</city>
					<state>Cambridgeshire</state>
					<postal>CB3 0DL</postal>
					<country>UK</country>
				</cntaddr>
				<cntvoice>+44 (0) 1223 277314</cntvoice>
				<cntfax>+44 (0) 1223 277136</cntfax>
				<cntemail>protectedareas@unep.wcmc.org</cntemail>
			</cntinfo>
		</distrib>
		<stdorder>
			<digform>
				<digtinfo>
					<transize>295.988</transize>
					<dssize Sync="TRUE">0.138</dssize></digtinfo>
			</digform>
		</stdorder>
		<resdesc Sync="TRUE">Downloadable Data</resdesc></distinfo>
	<metainfo>
		<metd Sync="TRUE">20100720</metd>
		<metc>
			<cntinfo>
				<cntorgp>
					<cntorg>UNEP-WCMC</cntorg>
					<cntper>REQUIRED: The person responsible for the metadata information.</cntper>
				</cntorgp>
				<cntpos>Protected Areas</cntpos>
				<cntaddr>
					<addrtype>mailing and physical address</addrtype>
					<address>219 Huntingdon Road</address>
					<city>Cambridge</city>
					<state>Cambridgeshire</state>
					<postal>CB3 0DL</postal>
					<country>United Kingdom</country>
				</cntaddr>
				<cntvoice>+44 (0)1223 277314</cntvoice>
				<cntfax>+44 (0)1223 277136</cntfax>
				<cntemail>protectedareas@unep-wcmc.org</cntemail>
				<hours>9am to 5.30pm UK Time</hours>
			</cntinfo>
		</metc>
		<metstdn Sync="TRUE">FGDC Content Standards for Digital Geospatial Metadata</metstdn>
		<metstdv Sync="TRUE">FGDC-STD-001-1998</metstdv>
		<mettc Sync="TRUE">local time</mettc>
		<metextns>
			<onlink>http://www.esri.com/metadata/esriprof80.html</onlink>
			<metprof>ESRI Metadata Profile</metprof>
		</metextns>
		<metextns>
			<onlink>http://www.esri.com/metadata/esriprof80.html</onlink>
			<metprof>ESRI Metadata Profile</metprof>
		</metextns>
		<metextns>
			<onlink>http://www.esri.com/metadata/esriprof80.html</onlink>
			<metprof>ESRI Metadata Profile</metprof>
		</metextns>
		<metextns>
			<onlink>http://www.esri.com/metadata/esriprof80.html</onlink>
			<metprof>ESRI Metadata Profile</metprof>
		</metextns>
		<metextns>
			<onlink>http://www.esri.com/metadata/esriprof80.html</onlink>
			<metprof>ESRI Metadata Profile</metprof>
		</metextns>
		<metextns>
			<onlink>http://www.esri.com/metadata/esriprof80.html</onlink>
			<metprof>ESRI Metadata Profile</metprof>
		</metextns>
		<metextns>
			<onlink>http://www.esri.com/metadata/esriprof80.html</onlink>
			<metprof>ESRI Metadata Profile</metprof>
		</metextns>
		<langmeta Sync="TRUE">en</langmeta><metextns><onlink Sync="TRUE">http://www.esri.com/metadata/esriprof80.html</onlink><metprof Sync="TRUE">ESRI Metadata Profile</metprof></metextns></metainfo>
	<Esri><CreaDate>20140109</CreaDate><CreaTime>11314500</CreaTime><SyncOnce>FALSE</SyncOnce><SyncDate>20100720</SyncDate><SyncTime>15031500</SyncTime><ModDate>20100720</ModDate><ModTime>15031500</ModTime><DataProperties><lineage><Process Name="FeatureClassToFeatureClass_3" ToolSource="C:\Program Files\ArcGIS\ArcToolbox\Toolboxes\Conversion Tools.tbx\FeatureClassToFeatureClass" Date="20090213" Time="160434">FeatureClassToFeatureClass C:\nepal_GIS\Western_Chitwan\Neil_chitwan_GIS\shapes\CNP_BUFFER.shp C:\nepal_GIS\Western_Chitwan\Neil_chitwan_GIS\shapes\Chitwan.mdb\Chitwan_valley CNP_BUFFER # "SOURCE_ID SOURCE_ID true false false 6 Text 0 0 ,First,#,C:\nepal_GIS\Western_Chitwan\Neil_chitwan_GIS\shapes\CNP_BUFFER.shp,SOURCE_ID,-1,-1;GISNAME GISNAME true false false 120 Text 0 0 ,First,#,C:\nepal_GIS\Western_Chitwan\Neil_chitwan_GIS\shapes\CNP_BUFFER.shp,GISNAME,-1,-1;SITE_CODE SITE_CODE true false false 9 Long 0 9 ,First,#,C:\nepal_GIS\Western_Chitwan\Neil_chitwan_GIS\shapes\CNP_BUFFER.shp,SITE_CODE,-1,-1;AREANAME AREANAME true false false 120 Text 0 0 ,First,#,C:\nepal_GIS\Western_Chitwan\Neil_chitwan_GIS\shapes\CNP_BUFFER.shp,AREANAME,-1,-1;ISO3 ISO3 true false false 3 Text 0 0 ,First,#,C:\nepal_GIS\Western_Chitwan\Neil_chitwan_GIS\shapes\CNP_BUFFER.shp,ISO3,-1,-1;COUNTRY COUNTRY true false false 50 Text 0 0 ,First,#,C:\nepal_GIS\Western_Chitwan\Neil_chitwan_GIS\shapes\CNP_BUFFER.shp,COUNTRY,-1,-1;LON LON true false false 19 Double 11 18 ,First,#,C:\nepal_GIS\Western_Chitwan\Neil_chitwan_GIS\shapes\CNP_BUFFER.shp,LON,-1,-1;LAT LAT true false false 19 Double 11 18 ,First,#,C:\nepal_GIS\Western_Chitwan\Neil_chitwan_GIS\shapes\CNP_BUFFER.shp,LAT,-1,-1;DESIGNATE DESIGNATE true false false 100 Text 0 0 ,First,#,C:\nepal_GIS\Western_Chitwan\Neil_chitwan_GIS\shapes\CNP_BUFFER.shp,DESIGNATE,-1,-1;IUCNCAT IUCNCAT true false false 8 Text 0 0 ,First,#,C:\nepal_GIS\Western_Chitwan\Neil_chitwan_GIS\shapes\CNP_BUFFER.shp,IUCNCAT,-1,-1;STATUS STATUS true false false 50 Text 0 0 ,First,#,C:\nepal_GIS\Western_Chitwan\Neil_chitwan_GIS\shapes\CNP_BUFFER.shp,STATUS,-1,-1;EST_DATE EST_DATE true true false 8 Date 0 0 ,First,#,C:\nepal_GIS\Western_Chitwan\Neil_chitwan_GIS\shapes\CNP_BUFFER.shp,EST_DATE,-1,-1;AREA_HA AREA_HA true false false 19 Double 11 18 ,First,#,C:\nepal_GIS\Western_Chitwan\Neil_chitwan_GIS\shapes\CNP_BUFFER.shp,AREA_HA,-1,-1;NOTES NOTES true false false 254 Text 0 0 ,First,#,C:\nepal_GIS\Western_Chitwan\Neil_chitwan_GIS\shapes\CNP_BUFFER.shp,NOTES,-1,-1;SOURCE SOURCE true false false 254 Text 0 0 ,First,#,C:\nepal_GIS\Western_Chitwan\Neil_chitwan_GIS\shapes\CNP_BUFFER.shp,SOURCE,-1,-1;ADMIN ADMIN true false false 50 Text 0 0 ,First,#,C:\nepal_GIS\Western_Chitwan\Neil_chitwan_GIS\shapes\CNP_BUFFER.shp,ADMIN,-1,-1;MANAGEMENT MANAGEMENT true false false 50 Text 0 0 ,First,#,C:\nepal_GIS\Western_Chitwan\Neil_chitwan_GIS\shapes\CNP_BUFFER.shp,MANAGEMENT,-1,-1;OWNER OWNER true false false 50 Text 0 0 ,First,#,C:\nepal_GIS\Western_Chitwan\Neil_chitwan_GIS\shapes\CNP_BUFFER.shp,OWNER,-1,-1;MARINE MARINE true false false 1 Text 0 0 ,First,#,C:\nepal_GIS\Western_Chitwan\Neil_chitwan_GIS\shapes\CNP_BUFFER.shp,MARINE,-1,-1;MARINE_CLA MARINE_CLA true false false 80 Text 0 0 ,First,#,C:\nepal_GIS\Western_Chitwan\Neil_chitwan_GIS\shapes\CNP_BUFFER.shp,MARINE_CLA,-1,-1;ALT_MIN ALT_MIN true false false 19 Double 11 18 ,First,#,C:\nepal_GIS\Western_Chitwan\Neil_chitwan_GIS\shapes\CNP_BUFFER.shp,ALT_MIN,-1,-1;ALT_MAX ALT_MAX true false false 19 Double 11 18 ,First,#,C:\nepal_GIS\Western_Chitwan\Neil_chitwan_GIS\shapes\CNP_BUFFER.shp,ALT_MAX,-1,-1;TITLE TITLE true false false 160 Text 0 0 ,First,#,C:\nepal_GIS\Western_Chitwan\Neil_chitwan_GIS\shapes\CNP_BUFFER.shp,TITLE,-1,-1;ORIGIN_ID ORIGIN_ID true false false 2 Text 0 0 ,First,#,C:\nepal_GIS\Western_Chitwan\Neil_chitwan_GIS\shapes\CNP_BUFFER.shp,ORIGIN_ID,-1,-1;SOURCE_1 SOURCE_1 true false false 254 Text 0 0 ,First,#,C:\nepal_GIS\Western_Chitwan\Neil_chitwan_GIS\shapes\CNP_BUFFER.shp,SOURCE_1,-1,-1;CONDITIONS CONDITIONS true false false 70 Text 0 0 ,First,#,C:\nepal_GIS\Western_Chitwan\Neil_chitwan_GIS\shapes\CNP_BUFFER.shp,CONDITIONS,-1,-1;PUBLISHER PUBLISHER true false false 254 Text 0 0 ,First,#,C:\nepal_GIS\Western_Chitwan\Neil_chitwan_GIS\shapes\CNP_BUFFER.shp,PUBLISHER,-1,-1;YEAR_ YEAR_ true false false 19 Double 11 18 ,First,#,C:\nepal_GIS\Western_Chitwan\Neil_chitwan_GIS\shapes\CNP_BUFFER.shp,YEAR,-1,-1;APPROX_YR APPROX_YR true false false 9 Long 0 9 ,First,#,C:\nepal_GIS\Western_Chitwan\Neil_chitwan_GIS\shapes\CNP_BUFFER.shp,APPROX_YR,-1,-1;SCALE SCALE true false false 19 Double 11 18 ,First,#,C:\nepal_GIS\Western_Chitwan\Neil_chitwan_GIS\shapes\CNP_BUFFER.shp,SCALE,-1,-1;OPROJECT OPROJECT true false false 20 Text 0 0 ,First,#,C:\nepal_GIS\Western_Chitwan\Neil_chitwan_GIS\shapes\CNP_BUFFER.shp,OPROJECT,-1,-1;ODATUM ODATUM true false false 10 Text 0 0 ,First,#,C:\nepal_GIS\Western_Chitwan\Neil_chitwan_GIS\shapes\CNP_BUFFER.shp,ODATUM,-1,-1;AUDIT AUDIT true false false 254 Text 0 0 ,First,#,C:\nepal_GIS\Western_Chitwan\Neil_chitwan_GIS\shapes\CNP_BUFFER.shp,AUDIT,-1,-1;COMMENT COMMENT true false false 254 Text 0 0 ,First,#,C:\nepal_GIS\Western_Chitwan\Neil_chitwan_GIS\shapes\CNP_BUFFER.shp,COMMENT,-1,-1" # C:\nepal_GIS\Western_Chitwan\Neil_chitwan_GIS\shapes\Chitwan.mdb\Chitwan_valley\CNP_BUFFER</Process><Process Name="FeatureClassToFeatureClass_5" ToolSource="C:\Program Files\ArcGIS\ArcToolbox\Toolboxes\Conversion Tools.tbx\FeatureClassToFeatureClass" Date="20090213" Time="163532">FeatureClassToFeatureClass C:\nepal_GIS\Western_Chitwan\Neil_chitwan_GIS\shapes\Chitwan.mdb\Chitwan_valley\CNP_BUFFER C:\nepal_GIS\Western_Chitwan\Neil_chitwan_GIS\shapes CNP_BUFFER.shp # "SOURCE_ID SOURCE_ID true true false 6 Text 0 0 ,First,#,C:\nepal_GIS\Western_Chitwan\Neil_chitwan_GIS\shapes\Chitwan.mdb\Chitwan_valley\CNP_BUFFER,SOURCE_ID,-1,-1;GISNAME GISNAME true true false 120 Text 0 0 ,First,#,C:\nepal_GIS\Western_Chitwan\Neil_chitwan_GIS\shapes\Chitwan.mdb\Chitwan_valley\CNP_BUFFER,GISNAME,-1,-1;SITE_CODE SITE_CODE true true false 4 Long 0 0 ,First,#,C:\nepal_GIS\Western_Chitwan\Neil_chitwan_GIS\shapes\Chitwan.mdb\Chitwan_valley\CNP_BUFFER,SITE_CODE,-1,-1;AREANAME AREANAME true true false 120 Text 0 0 ,First,#,C:\nepal_GIS\Western_Chitwan\Neil_chitwan_GIS\shapes\Chitwan.mdb\Chitwan_valley\CNP_BUFFER,AREANAME,-1,-1;ISO3 ISO3 true true false 3 Text 0 0 ,First,#,C:\nepal_GIS\Western_Chitwan\Neil_chitwan_GIS\shapes\Chitwan.mdb\Chitwan_valley\CNP_BUFFER,ISO3,-1,-1;COUNTRY COUNTRY true true false 50 Text 0 0 ,First,#,C:\nepal_GIS\Western_Chitwan\Neil_chitwan_GIS\shapes\Chitwan.mdb\Chitwan_valley\CNP_BUFFER,COUNTRY,-1,-1;LON LON true true false 8 Double 0 0 ,First,#,C:\nepal_GIS\Western_Chitwan\Neil_chitwan_GIS\shapes\Chitwan.mdb\Chitwan_valley\CNP_BUFFER,LON,-1,-1;LAT LAT true true false 8 Double 0 0 ,First,#,C:\nepal_GIS\Western_Chitwan\Neil_chitwan_GIS\shapes\Chitwan.mdb\Chitwan_valley\CNP_BUFFER,LAT,-1,-1;DESIGNATE DESIGNATE true true false 100 Text 0 0 ,First,#,C:\nepal_GIS\Western_Chitwan\Neil_chitwan_GIS\shapes\Chitwan.mdb\Chitwan_valley\CNP_BUFFER,DESIGNATE,-1,-1;IUCNCAT IUCNCAT true true false 8 Text 0 0 ,First,#,C:\nepal_GIS\Western_Chitwan\Neil_chitwan_GIS\shapes\Chitwan.mdb\Chitwan_valley\CNP_BUFFER,IUCNCAT,-1,-1;STATUS STATUS true true false 50 Text 0 0 ,First,#,C:\nepal_GIS\Western_Chitwan\Neil_chitwan_GIS\shapes\Chitwan.mdb\Chitwan_valley\CNP_BUFFER,STATUS,-1,-1;EST_DATE EST_DATE true true false 8 Date 0 0 ,First,#,C:\nepal_GIS\Western_Chitwan\Neil_chitwan_GIS\shapes\Chitwan.mdb\Chitwan_valley\CNP_BUFFER,EST_DATE,-1,-1;AREA_HA AREA_HA true true false 8 Double 0 0 ,First,#,C:\nepal_GIS\Western_Chitwan\Neil_chitwan_GIS\shapes\Chitwan.mdb\Chitwan_valley\CNP_BUFFER,AREA_HA,-1,-1;NOTES NOTES true true false 254 Text 0 0 ,First,#,C:\nepal_GIS\Western_Chitwan\Neil_chitwan_GIS\shapes\Chitwan.mdb\Chitwan_valley\CNP_BUFFER,NOTES,-1,-1;SOURCE SOURCE true true false 254 Text 0 0 ,First,#,C:\nepal_GIS\Western_Chitwan\Neil_chitwan_GIS\shapes\Chitwan.mdb\Chitwan_valley\CNP_BUFFER,SOURCE,-1,-1;ADMIN ADMIN true true false 50 Text 0 0 ,First,#,C:\nepal_GIS\Western_Chitwan\Neil_chitwan_GIS\shapes\Chitwan.mdb\Chitwan_valley\CNP_BUFFER,ADMIN,-1,-1;MANAGEMENT MANAGEMENT true true false 50 Text 0 0 ,First,#,C:\nepal_GIS\Western_Chitwan\Neil_chitwan_GIS\shapes\Chitwan.mdb\Chitwan_valley\CNP_BUFFER,MANAGEMENT,-1,-1;OWNER OWNER true true false 50 Text 0 0 ,First,#,C:\nepal_GIS\Western_Chitwan\Neil_chitwan_GIS\shapes\Chitwan.mdb\Chitwan_valley\CNP_BUFFER,OWNER,-1,-1;MARINE MARINE true true false 1 Text 0 0 ,First,#,C:\nepal_GIS\Western_Chitwan\Neil_chitwan_GIS\shapes\Chitwan.mdb\Chitwan_valley\CNP_BUFFER,MARINE,-1,-1;MARINE_CLA MARINE_CLA true true false 80 Text 0 0 ,First,#,C:\nepal_GIS\Western_Chitwan\Neil_chitwan_GIS\shapes\Chitwan.mdb\Chitwan_valley\CNP_BUFFER,MARINE_CLA,-1,-1;ALT_MIN ALT_MIN true true false 8 Double 0 0 ,First,#,C:\nepal_GIS\Western_Chitwan\Neil_chitwan_GIS\shapes\Chitwan.mdb\Chitwan_valley\CNP_BUFFER,ALT_MIN,-1,-1;ALT_MAX ALT_MAX true true false 8 Double 0 0 ,First,#,C:\nepal_GIS\Western_Chitwan\Neil_chitwan_GIS\shapes\Chitwan.mdb\Chitwan_valley\CNP_BUFFER,ALT_MAX,-1,-1;TITLE TITLE true true false 160 Text 0 0 ,First,#,C:\nepal_GIS\Western_Chitwan\Neil_chitwan_GIS\shapes\Chitwan.mdb\Chitwan_valley\CNP_BUFFER,TITLE,-1,-1;ORIGIN_ID ORIGIN_ID true true false 2 Text 0 0 ,First,#,C:\nepal_GIS\Western_Chitwan\Neil_chitwan_GIS\shapes\Chitwan.mdb\Chitwan_valley\CNP_BUFFER,ORIGIN_ID,-1,-1;SOURCE_1 SOURCE_1 true true false 254 Text 0 0 ,First,#,C:\nepal_GIS\Western_Chitwan\Neil_chitwan_GIS\shapes\Chitwan.mdb\Chitwan_valley\CNP_BUFFER,SOURCE_1,-1,-1;CONDITIONS CONDITIONS true true false 70 Text 0 0 ,First,#,C:\nepal_GIS\Western_Chitwan\Neil_chitwan_GIS\shapes\Chitwan.mdb\Chitwan_valley\CNP_BUFFER,CONDITIONS,-1,-1;PUBLISHER PUBLISHER true true false 254 Text 0 0 ,First,#,C:\nepal_GIS\Western_Chitwan\Neil_chitwan_GIS\shapes\Chitwan.mdb\Chitwan_valley\CNP_BUFFER,PUBLISHER,-1,-1;YEAR_ YEAR_ true true false 8 Double 0 0 ,First,#,C:\nepal_GIS\Western_Chitwan\Neil_chitwan_GIS\shapes\Chitwan.mdb\Chitwan_valley\CNP_BUFFER,YEAR_,-1,-1;APPROX_YR APPROX_YR true true false 4 Long 0 0 ,First,#,C:\nepal_GIS\Western_Chitwan\Neil_chitwan_GIS\shapes\Chitwan.mdb\Chitwan_valley\CNP_BUFFER,APPROX_YR,-1,-1;SCALE SCALE true true false 8 Double 0 0 ,First,#,C:\nepal_GIS\Western_Chitwan\Neil_chitwan_GIS\shapes\Chitwan.mdb\Chitwan_valley\CNP_BUFFER,SCALE,-1,-1;OPROJECT OPROJECT true true false 20 Text 0 0 ,First,#,C:\nepal_GIS\Western_Chitwan\Neil_chitwan_GIS\shapes\Chitwan.mdb\Chitwan_valley\CNP_BUFFER,OPROJECT,-1,-1;ODATUM ODATUM true true false 10 Text 0 0 ,First,#,C:\nepal_GIS\Western_Chitwan\Neil_chitwan_GIS\shapes\Chitwan.mdb\Chitwan_valley\CNP_BUFFER,ODATUM,-1,-1;AUDIT AUDIT true true false 254 Text 0 0 ,First,#,C:\nepal_GIS\Western_Chitwan\Neil_chitwan_GIS\shapes\Chitwan.mdb\Chitwan_valley\CNP_BUFFER,AUDIT,-1,-1;COMMENT COMMENT true true false 254 Text 0 0 ,First,#,C:\nepal_GIS\Western_Chitwan\Neil_chitwan_GIS\shapes\Chitwan.mdb\Chitwan_valley\CNP_BUFFER,COMMENT,-1,-1;Shape_Leng Shape_Length false true true 8 Double 0 0 ,First,#,C:\nepal_GIS\Western_Chitwan\Neil_chitwan_GIS\shapes\Chitwan.mdb\Chitwan_valley\CNP_BUFFER,Shape_Length,-1,-1;Shape_Area Shape_Area false true true 8 Double 0 0 ,First,#,C:\nepal_GIS\Western_Chitwan\Neil_chitwan_GIS\shapes\Chitwan.mdb\Chitwan_valley\CNP_BUFFER,Shape_Area,-1,-1" # C:\nepal_GIS\Western_Chitwan\Neil_chitwan_GIS\shapes\CNP_BUFFER.shp</Process><Process ToolSource="C:\Program Files\ArcGIS\ArcToolbox\Toolboxes\Data Management Tools.tbx\Project" Date="20100319" Time="115219">Project G:\nepal_GIS\Western_Chitwan\Neil_chitwan_GIS\test_shapes\CNP_BUFFER.shp G:\nepal_GIS\Western_Chitwan\Neil_chitwan_GIS\test_shapes\CNP_BUFFER_WGS_test2.shp PROJCS['WGS_1984_UTM_Zone_45N',GEOGCS['GCS_WGS_1984',DATUM['D_WGS_1984',SPHEROID['WGS_1984',6378137.0,298.257223563]],PRIMEM['Greenwich',0.0],UNIT['Degree',0.0174532925199433]],PROJECTION['Transverse_Mercator'],PARAMETER['False_Easting',500000.0],PARAMETER['False_Northing',0.0],PARAMETER['Central_Meridian',87.0],PARAMETER['Scale_Factor',0.9996],PARAMETER['Latitude_Of_Origin',0.0],UNIT['Meter',1.0]] # GEOGCS['GCS_WGS_1984',DATUM['D_WGS_1984',SPHEROID['WGS_1984',6378137.0,298.257223563]],PRIMEM['Greenwich',0.0],UNIT['Degree',0.0174532925199433]]</Process></lineage><itemProps><itemLocation><linkage Sync="TRUE">file://\\SESYNCLAP13\C$\NetLogo\IBM TIGER GIS\CNP_45_UTM</linkage><protocol Sync="TRUE">Local Area Network</protocol></itemLocation></itemProps><copyHistory><copy source="C:\GIS_workspace\created_data\neighborhoods\CNP_45_UTM" dest="\\SESYNCLAP13\C$\NetLogo\IBM TIGER GIS\CNP_45_UTM" date="20140109" time="11314500"></copy></copyHistory></DataProperties></Esri><dataIdInfo><envirDesc Sync="TRUE">Microsoft Windows XP Version 5.1 (Build 2600) Service Pack 3; ESRI ArcCatalog 9.3.0.1770</envirDesc><dataLang><languageCode Sync="TRUE" value="en"></languageCode></dataLang><idCitation><resTitle Sync="TRUE">CNP_45_UTM</resTitle><presForm><PresFormCd Sync="TRUE" value="005"></PresFormCd></presForm></idCitation><spatRpType><SpatRepTypCd Sync="TRUE" value="001"></SpatRepTypCd></spatRpType><dataExt><geoEle><GeoBndBox esriExtentType="native"><westBL Sync="TRUE">191368.993301</westBL><eastBL Sync="TRUE">277552.918043</eastBL><northBL Sync="TRUE">3065742.034833</northBL><southBL Sync="TRUE">3026470.749126</southBL><exTypeCode Sync="TRUE">1</exTypeCode></GeoBndBox></geoEle></dataExt><geoBox esriExtentType="decdegrees"><westBL Sync="TRUE">83.871104</westBL><eastBL Sync="TRUE">84.751399</eastBL><northBL Sync="TRUE">27.697611</northBL><southBL Sync="TRUE">27.326618</southBL><exTypeCode Sync="TRUE">1</exTypeCode></geoBox></dataIdInfo><mdLang><languageCode Sync="TRUE" value="en"></languageCode></mdLang><mdStanName Sync="TRUE">ISO 19115 Geographic Information - Metadata</mdStanName><mdStanVer Sync="TRUE">DIS_ESRI1.0</mdStanVer><mdChar><CharSetCd Sync="TRUE" value="004"></CharSetCd></mdChar><mdHrLv><ScopeCd Sync="TRUE" value="005"></ScopeCd></mdHrLv><mdHrLvName Sync="TRUE">dataset</mdHrLvName><distInfo><distributor><distorTran><onLineSrc><orDesc Sync="TRUE">002</orDesc><linkage Sync="TRUE">file://\\CARTERN7PC\E\nepal_GIS\Western_Chitwan\Neil_chitwan_GIS\shapes\WGS_final\created_data\neighborhoods\CNP_45_UTM.shp</linkage><protocol Sync="TRUE">Local Area Network</protocol></onLineSrc><transSize Sync="TRUE">0.138</transSize></distorTran><distorFormat><formatName Sync="TRUE">Shapefile</formatName></distorFormat></distributor></distInfo><refSysInfo><RefSystem><refSysID><identCode Sync="TRUE">WGS_1984_UTM_Zone_45N</identCode></refSysID></RefSystem></refSysInfo><spatRepInfo><VectSpatRep><topLvl><TopoLevCd Sync="TRUE" value="001"></TopoLevCd></topLvl><geometObjs Name="CNP_45_UTM"><geoObjTyp><GeoObjTypCd Sync="TRUE" value="001"></GeoObjTypCd></geoObjTyp><geoObjCnt Sync="TRUE">1</geoObjCnt></geometObjs></VectSpatRep></spatRepInfo><mdDateSt Sync="TRUE">20100720</mdDateSt></metadata>
