<?xml version="1.0" encoding="UTF-8"?>
<metadata xml:lang="en"><Esri><CreaDate>20210317</CreaDate><CreaTime>17363100</CreaTime><ArcGISFormat>1.0</ArcGISFormat><SyncOnce>TRUE</SyncOnce><DataProperties><lineage><Process ToolSource="c:\program files\arcgis\pro\Resources\ArcToolbox\toolboxes\Spatial Analyst Tools.tbx\ExtractByMask" Date="20210317" Time="173631">ExtractByMask roadcat_sthrd.asc rail_mask C:\Users\nhcarter\Workspace\NetLogo\CNP_road_analysis\data_gis\rail_only</Process></lineage></DataProperties></Esri></metadata>
