<?xml version="1.0" encoding="UTF-8"?>
<metadata xml:lang="en"><Esri><CreaDate>20180702</CreaDate><CreaTime>16120300</CreaTime><ArcGISFormat>1.0</ArcGISFormat><SyncOnce>TRUE</SyncOnce><DataProperties><lineage><Process ToolSource="c:\program files (x86)\arcgis\desktop10.6\ArcToolbox\Toolboxes\OpenStreetMap Toolbox.tbx\OSMGPFileLoader" Date="20180628" Time="174058">OSMGPFileLoader C:\Users\neilcarter\Downloads\map.osm CONSERVE_MEMORY # C:\netlogo\OSM.gdb\test C:\netlogo\OSM.gdb\test\test_osm_pt C:\netlogo\OSM.gdb\test\test_osm_ln C:\netlogo\OSM.gdb\test\test_osm_ply</Process><Process ToolSource="c:\program files (x86)\arcgis\desktop10.6\ArcToolbox\Toolboxes\Data Management Tools.tbx\CalculateField" Date="20180702" Time="162807">CalculateField roads_only road_type 3 VB #</Process><Process ToolSource="c:\program files (x86)\arcgis\desktop10.6\ArcToolbox\Toolboxes\Data Management Tools.tbx\CalculateField" Date="20180702" Time="162949">CalculateField roads_only road_type 2 VB #</Process><Process ToolSource="c:\program files (x86)\arcgis\desktop10.6\ArcToolbox\Toolboxes\Data Management Tools.tbx\CalculateField" Date="20180702" Time="163042">CalculateField roads_only road_type 1 VB #</Process><Process ToolSource="c:\program files (x86)\arcgis\desktop10.6\ArcToolbox\Toolboxes\Data Management Tools.tbx\DeleteField" Date="20180702" Time="163746">DeleteField roads_only building;natural;waterway;amenity;landuse;place;railway;boundary;power;leisure;man_made;shop;tourism;route;historic;aeroway;aerialway;barrier;military;geological;OSMID;osmuser;osmuid;osmvisible;osmversion;osmchanges;osmtimesta;osmSupport</Process><Process ToolSource="c:\program files (x86)\arcgis\desktop10.6\ArcToolbox\Toolboxes\Data Management Tools.tbx\CalculateField" Date="20180703" Time="085620">CalculateField roads_only road_type2 3 VB #</Process><Process ToolSource="c:\program files (x86)\arcgis\desktop10.6\ArcToolbox\Toolboxes\Data Management Tools.tbx\CalculateField" Date="20180703" Time="085648">CalculateField roads_only road_type2 1 VB #</Process><Process ToolSource="c:\program files (x86)\arcgis\desktop10.6\ArcToolbox\Toolboxes\Data Management Tools.tbx\CalculateField" Date="20180709" Time="095128">CalculateField roads_only road_type2 2 VB #</Process></lineage><itemProps><itemLocation><linkage Sync="TRUE">file://\\CID-NC-BF5PZ52\C$\Users\neilcarter\Documents\ArcGIS\Default.gdb</linkage><protocol Sync="TRUE">Local Area Network</protocol></itemLocation></itemProps></DataProperties></Esri><dataIdInfo><idCitation><citRespParty><rpIndName>OpenStreetMap</rpIndName><rpCntInfo><cntOnlineRes><linkage EsriPropertyType="Link"></linkage><orFunct><OnFunctCd value="001"></OnFunctCd></orFunct></cntOnlineRes></rpCntInfo><role><RoleCd value="005"></RoleCd></role></citRespParty></idCitation><idCredit>Map data (c) OpenStreetMap, ODbL 1.0</idCredit><idPoC><rpOrgName>OpenStreetMap</rpOrgName><rpCntInfo><cntOnlineRes><linkage EsriPropertyType="Link"></linkage><orFunct><OnFunctCd value="001"></OnFunctCd></orFunct></cntOnlineRes></rpCntInfo><role><RoleCd value="005"></RoleCd></role></idPoC><resMaint><maintFreq><MaintFreqCd value="009"></MaintFreqCd></maintFreq><maintScp><ScopeCd value="005"></ScopeCd></maintScp></resMaint><resConst><LegConsts><useLimit>Map data (c) OpenStreetMap, ODbL 1.0; http://opendatacommons.org/licenses/odbl/</useLimit><accessConsts><RestrictCd value="005"></RestrictCd></accessConsts><useConsts><RestrictCd value="005"></RestrictCd></useConsts></LegConsts><SecConsts><class><ClasscationCd value="001"></ClasscationCd></class></SecConsts><Consts><useLimit>Map data (c) OpenStreetMap, ODbL 1.0; http://opendatacommons.org/licenses/odbl/</useLimit></Consts></resConst><idPurp>Vector data downloaded from the OpenStreetMap website</idPurp><idAbs>Vector data downloaded from the OpenStreetMap website</idAbs><idConst><LegConsts><useLimit>CC-BY-SA; http://creativecommons.org/licenses/by-sa/2.0/</useLimit><accessConsts><RestrictCd value="005"></RestrictCd></accessConsts><useConsts><RestrictCd value="005"></RestrictCd></useConsts></LegConsts><SecConsts><class><ClasscationCd value="001"></ClasscationCd></class></SecConsts></idConst><searchKeys><keyword>OpenStreetMap</keyword><keyword>Applications Prototype Lab</keyword><keyword>ESRI</keyword></searchKeys></dataIdInfo><mdMaint><maintFreq><MaintFreqCd value="001"></MaintFreqCd></maintFreq><maintScp><ScopeCd value="005"></ScopeCd></maintScp><maintCont><role><RoleCd value="005"></RoleCd></role></maintCont></mdMaint><mdConst><LegConsts><useLimit>Map data (c) OpenStreetMap, ODbL 1.0; http://opendatacommons.org/licenses/odbl/</useLimit><accessConsts><RestrictCd value="005"></RestrictCd></accessConsts><useConsts><RestrictCd value="005"></RestrictCd></useConsts></LegConsts><SecConsts><class><ClasscationCd value="001"></ClasscationCd></class></SecConsts></mdConst></metadata>
